Rule,TP,TN,FP,FN,Accuracy,Precision,Recall,F1-Score,Eval_Count
引用回数による判定,10,107,18,65,0.585,0.35714285714285715,0.13333333333333333,0.1941747572815534,200
引用セクションによる判定,32,117,8,43,0.745,0.8,0.4266666666666667,0.5565217391304348,200
"Gemini 2.5 Flash, Zero-shot",70,102,23,5,0.86,0.7526881720430108,0.9333333333333333,0.8333333333333334,200
"Gemini 2.5 Flash, Few-shot",70,120,5,5,0.95,0.9333333333333333,0.9333333333333333,0.9333333333333333,200
