Rule,Accuracy,Precision,Recall,F1-Score
Rule 1 (Mention Count),0.628140703517588,0.4642857142857143,0.18055555555555555,0.26
Rule 2 (Section Keyword),0.7487437185929648,0.775,0.4305555555555556,0.5535714285714286
Rule 3 (LLM - Abstract),0.6482412060301508,0.5833333333333334,0.09722222222222222,0.16666666666666666
Rule 3 (LLM - Full Text),0.7839195979899497,0.7735849056603774,0.5694444444444444,0.656
