Method,TP,TN,FP,FN,Accuracy,Precision,Recall,F1-Score
Method 1 (Mention Count),13,113,15,59,0.63,0.4642857142857143,0.18055555555555555,0.26
Method 2 (Section Keyword),31,119,9,41,0.75,0.775,0.4305555555555556,0.5535714285714286
Method 3 (LLM - Full Text),41,116,12,31,0.785,0.7735849056603774,0.5694444444444444,0.656
